{"pre_ablation": {"forget_loss": 1.4923946857452393, "retain_loss": 1.500679850578308}, "post_ablation": {"forget_loss": 2.110442876815796, "retain_loss": 1.5789484977722168}}